PropertyID,Address,Suburb,Postcode,PropertyType,Bedrooms,Bathrooms,CarSpaces,LandArea,BuildingArea,DistCBD,DistStation,SettlementDate,SalePrice,ListingText,Source,IsStrata,BldgImputed,TotalRooms,BedBathRatio,LandPerBed,LogDistCBD,LogDistStation,LogSalePrice,SaleYear,SaleMonth,NLP_LuxuryScore,NLP_DevScore,WordCount
MOS_001,6/3 Raglan Street,Mosman,2088,Apartment,4,4,3,0.0,380.0,6.2,450,2025-02-26,15000000,"Sublime whole-floor penthouse capturing world-class 270-degree harbour panoramas from Sydney Heads to the Harbour Bridge. Private internal lift, limestone terrace, Gaggenau kitchen, private heated plunge pool.",realestate.com.au/sold/property-apartment-nsw-mosman,1,0,8,1.0,0.0,1.9740810260220096,6.111467339502679,16.523560759066484,2025,2,4,0,26
MOS_002,2/2E Mosman Street,Mosman,2088,Apartment,4,3,2,0.0,295.0,5.8,120,2024-05-29,13500000,"Direct absolute waterfront apartment positioned right on Mosman Bay with private marina berth and uninterrupted water views. Master retreat, marble baths, bespoke joinery.",realestate.com.au/sold/property-apartment-nsw-mosman,1,0,7,1.3333333333333333,0.0,1.916922612182061,4.795790545596741,16.41820024340866,2024,5,2,0,23
MOS_003,30 Beauty Point Road,Mosman,2088,House,5,4,2,840.0,420.0,7.4,1400,2025-11-17,11000000,"Commanding architectural masterpiece in blue-ribbon Beauty Point enclave. Sweeping Middle Harbour vistas, infinity-edge swimming pool, level lawns, and self-contained studio.",realestate.com.au/sold/property-house-nsw-mosman,0,0,9,1.25,168.0,2.128231705849268,7.244941546337007,16.213405830762646,2025,11,4,0,20
MOS_004,50 Bay Street,Mosman,2088,House,5,4,3,785.0,290.0,6.5,600,2024-04-19,10700000,"Grand Federation family estate with tennis court and sparkling in-ground pool. Soaring ornate ceilings, formal banquet dining, wine cellar, moments to Mosman Bay ferry.",realestate.com.au/sold/property-house-nsw-mosman,0,1,9,1.25,157.0,2.0149030205422647,6.398594934535208,16.185754299432134,2024,4,1,0,24
MOS_005,36 Bay Street,Mosman,2088,House,4,3,2,720.0,350.0,6.6,650,2024-03-11,11000000,"Exceptional Mosman Bay harbour views, private manicured garden oasis, double lock-up garage, master suite with walk-in dressing room and marble ensuite.",realestate.com.au/sold/property-house-nsw-mosman,0,0,7,1.3333333333333333,180.0,2.028148247292285,6.478509642208569,16.213405830762646,2024,3,2,0,21
MOS_006,18 Beauty Point Road,Mosman,2088,House,4,4,2,765.0,380.0,7.3,1350,2024-11-01,9550000,"Luxury family sanctuary capturing panoramic water views over Pearl Bay. Open-concept living, designer European kitchen with butler's pantry, heated pool, internal lift.",realestate.com.au/sold/property-house-nsw-mosman,0,0,8,1.0,191.25,2.1162555148025524,7.208600337960199,16.07205171245691,2024,11,4,0,22
MOS_007,6 Delecta Avenue,Mosman,2088,House,5,3,2,690.0,290.0,6.8,900,2024-12-11,8732500,"Prestigious parkside cul-de-sac setting. Sprawling two-storey executive entertainer with swimming pool, multiple living zones, bespoke timber cabinetry, level rear garden.",realestate.com.au/sold/property-house-nsw-mosman,0,1,8,1.6666666666666667,138.0,2.0541237336955462,6.803505257608338,15.982562255663124,2024,12,2,0,20
MOS_008,19 Beauty Point Road,Mosman,2088,House,4,3,2,710.0,330.0,7.3,1380,2024-09-07,8468000,"Sublime waterfront reserve aspect. Contemporary multi-level design, limestone flooring, floor-to-ceiling glass capturing shimmering water views, alfresco BBQ terrace.",realestate.com.au/sold/property-house-nsw-mosman,0,0,7,1.3333333333333333,177.5,2.1162555148025524,7.2305631534092925,15.951804911236893,2024,9,2,0,18
MOS_009,89 Bay Street,Mosman,2088,House,4,3,2,645.0,290.0,6.7,700,2024-05-24,7600000,"Classic character home with modern updates. Formal and informal living, gas heated pool, private north-facing courtyard, footsteps to harbour foreshore walks.",realestate.com.au/sold/property-house-nsw-mosman,0,0,7,1.3333333333333333,161.25,2.0412203288596382,6.55250788703459,15.84365880525656,2024,5,1,1,21
MOS_010,22B Inkerman Street,Mosman,2088,House,4,3,2,580.0,290.0,6.9,1100,2025-12-05,6900000,"Modern family residence quietly nestled in secluded enclave. Sunlit open plan living, Caesarstone island kitchen, level lawn, double lock-up garage.",realestate.com.au/sold/property-house-nsw-mosman,0,1,7,1.3333333333333333,145.0,2.066862759472976,7.00397413672268,15.747031969567487,2025,12,0,0,20
MOS_011,25 Boyle Street,Mosman,2088,House,4,2,2,610.0,260.0,6.3,500,2025-03-07,6000000,"Charming Federation home blending period elegance with contemporary comfort. High patterned ceilings, leadlight windows, deep child-friendly garden, stroll to ferry.",realestate.com.au/sold/property-house-nsw-mosman,0,0,6,2.0,152.5,1.9878743481543455,6.2166061010848646,15.60727002719233,2025,3,0,0,20
MOS_012,4/22 Parriwi Road,Mosman,2088,Townhouse,3,2,2,265.0,210.0,7.6,1600,2025-11-25,4500000,"Boutique luxury townhouse commanding panoramic Middle Harbour views over The Spit. Direct lift access, private entertainer's deck, marble bathrooms.",realestate.com.au/sold/property-townhouse-nsw-mosman,0,0,5,1.5,88.33333333333333,2.151762203259462,7.3783837129967145,15.319587954740548,2025,11,4,0,19
MOS_013,26 Vista Street,Mosman,2088,House,3,2,1,430.0,185.0,6.6,350,2025-12-05,4320000,"Immaculate single level Federation semi in premier village pocket. Sun-drenched north-to-rear aspect, designer stone kitchen, level manicured lawn.",realestate.com.au/sold/property-house-nsw-mosman,0,0,5,1.5,143.33333333333334,2.028148247292285,5.860786223465865,15.278765960220293,2025,12,1,0,18
MOS_014,37 Bond Street,Mosman,2088,House,3,2,1,395.0,290.0,6.7,400,2025-02-14,3820000,"Elegant freestanding cottage with scope to add value (STCA). Timber floors, French doors opening to private sunny courtyard, footsteps to cafes.",realestate.com.au/sold/property-house-nsw-mosman,0,1,5,1.5,131.66666666666666,2.0412203288596382,5.993961427306569,15.155760980582757,2025,2,0,0,21
MOS_015,53 Rosebery Street,Mosman,2088,Semi-Detached,4,2,1,310.0,195.0,6.9,600,2025-12-18,3680000,"Substantial semi-detached family residence spanning two light-filled levels. Modern open plan kitchen, covered alfresco dining deck, level lawn.",domain.com.au/sold/53-rosebery-street-mosman-nsw-2088,0,0,6,2.0,77.5,2.066862759472976,6.398594934535208,15.118423310145113,2025,12,0,0,18
MOS_016,106 Avenue Road,Mosman,2088,House,3,2,1,360.0,170.0,6.4,250,2025-01-17,3550000,"Freestanding single-level character residence in unbeatable Mosman village location. High ornate ceilings, sunny rear garden, walk to shops and ferry.",realestate.com.au/sold/property-house-nsw-mosman,0,0,5,1.5,120.0,2.0014800002101243,5.5254529391317835,15.082458161451598,2025,1,0,1,20
MOS_017,18 Cowles Road,Mosman,2088,Semi-Detached,3,2,1,290.0,160.0,6.8,750,2024-12-13,3525000,"Classic semi offering seamless indoor/outdoor entertaining. Stone bench gas kitchen, bi-fold doors to private courtyard, ducted reverse cycle A/C.",realestate.com.au/sold/property-semi-detached-nsw-mosman,0,0,5,1.5,96.66666666666667,2.0541237336955462,6.621405651764134,15.075390994228506,2024,12,0,0,19
MOS_018,34 Harbour Street,Mosman,2088,House,3,2,1,340.0,290.0,6.7,550,2025-09-20,3400000,Victorian character home ripe for renovation. Prime position moments from Clifton Gardens and village amenities. Rare opportunity with huge potential.,realestate.com.au/sold/property-house-nsw-mosman,0,1,5,1.5,113.33333333333333,2.0412203288596382,6.311734809152915,15.03928598958639,2025,9,0,4,20
MOS_019,1/34 Muston Street,Mosman,2088,Apartment,3,2,1,0.0,155.0,6.5,420,2024-12-07,2820000,"Oversized ground floor garden apartment in prestigious security building. Private wrap-around terrace, gas cooking, secure lock-up garage.",realestate.com.au/sold/property-apartment-nsw-mosman,1,0,5,1.5,0.0,2.0149030205422647,6.042632833682381,14.852247442914296,2024,12,1,0,17
MOS_020,3/12 Earl Street,Mosman,2088,Apartment,3,2,1,0.0,138.0,6.6,480,2025-05-23,2380000,"Sun-drenched boutique apartment with district views. Designer updates, open plan living, Caesarstone kitchen, master with ensuite.",realestate.com.au/sold/property-apartment-nsw-mosman,1,0,5,1.5,0.0,2.028148247292285,6.175867270105761,14.682611045647658,2025,5,1,0,16
MOS_021,1/26 Somerset Street,Mosman,2088,Apartment,2,1,1,0.0,98.0,6.9,700,2025-08-27,2020000,"Charming Art Deco apartment with peaceful leafy outlook. High ceilings, original timber floorboards, renovated bathroom, secure parking.",realestate.com.au/sold/property-apartment-nsw-mosman,1,0,3,2.0,0.0,2.066862759472976,6.55250788703459,14.518608069377388,2025,8,0,1,17
MOS_022,1/62 Cowles Road,Mosman,2088,Apartment,2,1,1,0.0,92.0,6.8,720,2024-12-13,1900000,"Bright top floor apartment in well-maintained security block. Balcony with leafy district views, internal laundry, lock-up garage.",realestate.com.au/sold/property-apartment-nsw-mosman,1,0,3,2.0,0.0,2.0541237336955462,6.580639137284949,14.457364444136669,2024,12,0,0,17
MOS_023,204/88 Vista Street,Mosman,2088,Apartment,2,1,1,0.0,84.0,6.6,320,2024-12-19,1225000,"Modern apartment in central Mosman hub. Gourmet gas kitchen, SMEG appliances, covered entertainer's balcony, secure basement parking.",realestate.com.au/sold/property-apartment-nsw-mosman,1,0,3,2.0,0.0,2.028148247292285,5.771441123130016,14.018451401960965,2024,12,0,0,17
MOS_024,3/6A Mosman Street,Mosman,2088,Apartment,2,1,0,0.0,78.0,5.9,150,2025-08-08,1200000,"Harbourside apartment moments to Mosman Bay ferry wharf. Light-filled interiors, updated kitchen, timber floors. On-street parking.",realestate.com.au/sold/property-apartment-nsw-mosman,1,0,3,2.0,0.0,1.9315214116032138,5.017279836814924,13.997832114758229,2025,8,1,0,16
MOS_025,3/6B Mosman Street,Mosman,2088,Apartment,2,1,0,0.0,76.0,5.9,160,2025-09-26,1200000,"Peaceful waterside apartment offering tranquil lifestyle. Combined lounge and dining, gas kitchen, shared garden.",realestate.com.au/sold/property-apartment-nsw-mosman,1,0,3,2.0,0.0,1.9315214116032138,5.081404364984463,13.997832114758229,2025,9,0,0,14
MOS_026,10/97-99 Cabramatta Road,Mosman,2088,Apartment,2,1,1,0.0,80.0,6.4,850,2025-09-26,1190000,"Solid double-brick unit in quiet street. Modern kitchen, sunny balcony, built-in robes, undercover car space.",realestate.com.au/sold/property-apartment-nsw-mosman,1,0,3,2.0,0.0,2.0014800002101243,6.7464121285733745,13.989463865087712,2025,9,0,0,15
MOS_027,6/180 Spit Road,Mosman,2088,Apartment,2,1,1,0.0,84.0,7.2,900,2024-11-21,1140000,"Spacious first-floor apartment with Middle Harbour cameos. Open plan living, double-glazed windows, lock-up garage.",realestate.com.au/sold/property-apartment-nsw-mosman,1,1,3,2.0,0.0,2.1041341542702074,6.803505257608338,13.946538820370678,2024,11,1,0,14
MOS_028,301/88 Vista Street,Mosman,2088,Apartment,1,1,1,0.0,58.0,6.6,320,2024-11-09,1000000,"Sleek executive 1-bedroom apartment in contemporary building. Caesarstone kitchen, ducted A/C, secure storage cage and parking.",realestate.com.au/sold/property-apartment-nsw-mosman,1,0,2,1.0,0.0,2.028148247292285,5.771441123130016,13.815510557964274,2024,11,0,0,16
MOS_029,12/11-17 Clifford Street,Mosman,2088,Apartment,1,1,1,0.0,55.0,6.5,280,2024-11-16,950000,"Quietly positioned rear apartment moments to Military Road B-Line buses and cafes. Fresh interiors, car space on title.",realestate.com.au/sold/property-apartment-nsw-mosman,1,0,2,1.0,0.0,2.0149030205422647,5.638354669333745,13.764217263576723,2024,11,0,0,18
MOS_030,1/71 Bradleys Head Road,Mosman,2088,Apartment,1,1,1,0.0,52.0,6.7,420,2025-01-23,930000,"Sunlit one-bedroom unit in boutique block. Modern kitchen, timber floors, peaceful green outlook, level walk to village.",realestate.com.au/sold/property-apartment-nsw-mosman,1,0,2,1.0,0.0,2.0412203288596382,6.042632833682381,13.742939865129438,2025,1,0,0,17
MOS_031,2/19 Warringah Road,Mosman,2088,Apartment,1,1,0,0.0,48.0,7.1,800,2024-11-20,800000,"Affordable entry into prestige Mosman. Ground floor unit in tidy block, gas kitchen, ideal first home or investment.",realestate.com.au/sold/property-apartment-nsw-mosman,1,0,2,1.0,0.0,2.0918640616783932,6.68586094706836,13.592367006650065,2024,11,1,0,18
MOS_032,94 Spencer Road,Mosman,2088,House,4,2,2,550.0,240.0,6.3,600,2024-03-22,5450000,"Single level Federation home on level block. Large alfresco terrace, level family lawn, high ceilings, lock-up garage.",realestate.com.au/sold/property-house-nsw-mosman,0,0,6,2.0,137.5,1.9878743481543455,6.398594934535208,15.511126166639427,2024,3,0,0,17
MOS_033,14 Bardwell Road,Mosman,2088,House,4,3,2,620.0,290.0,7.0,950,2025-11-26,7250000,"Renovated family residence moments to Balmoral Beach slopes. Sun-drenched open living, pool, double garage.",realestate.com.au/sold/property-house-nsw-mosman,0,1,7,1.3333333333333333,155.0,2.0794415416798357,6.85751406254539,15.796512026830857,2025,11,0,1,14
MOS_034,24 Harbour Street,Mosman,2088,House,3,2,1,375.0,165.0,6.7,520,2024-11-16,3950000,"Freestanding brick cottage in prized tree-lined street. Light-filled interiors, courtyard garden, scope to extend (STCA).",realestate.com.au/sold/property-house-nsw-mosman,0,0,5,1.5,125.0,2.0412203288596382,6.255750041753367,15.189226136877304,2024,11,0,0,15
MOS_035,48 Holt Avenue,Mosman,2088,House,4,3,2,680.0,310.0,6.5,450,2025-07-31,6800000,"Distinguished Federation home in central position. Grand formal lounge, marble fireplaces, heated swimming pool, level lawn.",realestate.com.au/sold/property-house-nsw-mosman,0,0,7,1.3333333333333333,170.0,2.0149030205422647,6.111467339502679,15.732433170146335,2025,7,1,0,16
MOS_036,311/116 Belmont Road,Mosman,2088,Apartment,2,2,1,0.0,90.0,6.2,350,2025-10-31,1450000,"Modern security apartment with leafy district vistas. Stone gas kitchen, two bathrooms, lift access, secure car space.",realestate.com.au/sold/property-apartment-nsw-mosman,1,0,4,1.0,0.0,1.9740810260220096,5.860786223465865,14.187074114396758,2025,10,0,0,17
MRK_001,69 Renwick Street,Marrickville,2204,House,4,2,2,480.0,220.0,7.4,450,2024-07-10,3100000,"Magnificent freestanding double-fronted Victorian residence on wide 480sqm parcel. Ornate ceilings, wide Kauri pine floorboards, expansive sun-drenched north-to-rear garden, double parking.",realestate.com.au/sold/property-house-nsw-marrickville,0,0,6,2.0,120.0,2.128231705849268,6.111467339502679,14.946912669455374,2024,7,1,0,21
MRK_002,9 Fletcher Street,Marrickville,2204,House,4,3,1,410.0,210.0,7.6,380,2025-07-04,3050000,"Architecturally transformed period home offering ultimate luxury living. Seamless indoor/outdoor flow, heated concrete pool, custom marble kitchen, wine cellar.",realestate.com.au/sold/property-house-nsw-marrickville,0,0,7,1.3333333333333333,102.5,2.151762203259462,5.942799375126701,14.930652148583594,2025,7,2,0,19
MRK_003,17a George Street,Marrickville,2204,House,4,2,2,445.0,150.0,7.8,550,2025-05-21,2870000,"Striking contemporary residence blending industrial flair with family comfort. Soaring ceilings, polished concrete floors, landscaped level lawn.",realestate.com.au/sold/property-house-nsw-marrickville,0,1,6,2.0,111.25,2.174751721484161,6.311734809152915,14.869822587735804,2025,5,0,0,17
MRK_004,196A Addison Road,Marrickville,2204,House,3,2,1,360.0,175.0,7.2,600,2025-03-28,2740000,"Designer urban haven footsteps to Addison Road Community Centre and organic markets. Open plan living, bespoke joinery, private courtyard oasis.",realestate.com.au/sold/property-house-nsw-marrickville,0,0,5,1.5,120.0,2.1041341542702074,6.398594934535208,14.823468478364253,2025,3,2,0,20
MRK_005,22 Bourne Street,Marrickville,2204,House,3,2,1,390.0,160.0,7.7,500,2024-05-21,2650000,"Charming double-brick home with modern extension. North-facing entertainer's deck, stylish gas kitchen, lock-up garage with rear lane access.",realestate.com.au/sold/property-house-nsw-marrickville,0,0,5,1.5,130.0,2.1633230256605382,6.2166061010848646,14.790070197962406,2024,5,0,0,18
MRK_006,14 Porter Avenue,Marrickville,2204,House,3,2,2,350.0,150.0,7.5,420,2024-05-25,2500000,"Impeccably renovated character bungalow on tree-lined street. High ornate ceilings, timber floors, alfresco dining patio, double carport.",realestate.com.au/sold/property-house-nsw-marrickville,0,1,5,1.5,116.66666666666667,2.1400661634962708,6.042632833682381,14.73180128983843,2024,5,0,2,17
MRK_007,12 Woodland Street,Marrickville,2204,House,3,1,1,380.0,150.0,7.9,650,2024-12-27,2450000,"Freestanding home near Cooks River parklands. Generous backyard, solid brick construction, updated kitchen, potential to capitalise.",realestate.com.au/sold/property-house-nsw-marrickville,0,0,4,3.0,126.66666666666667,2.186051276738094,6.478509642208569,14.71159858252091,2024,12,0,1,16
MRK_008,36 Frampton Avenue,Marrickville,2204,House,3,2,1,310.0,145.0,7.6,350,2025-08-22,2175000,"Modernised single-level home with sunlit open living. Bi-fold doors to private deck, stone kitchen, air conditioning, close to Marrickville station.",realestate.com.au/sold/property-house-nsw-marrickville,0,0,5,1.5,103.33333333333333,2.151762203259462,5.860786223465865,14.592539222504922,2025,8,0,0,20
MRK_009,11 Edward Street,Marrickville,2204,House,3,1,0,290.0,135.0,7.5,300,2025-11-11,2150000,"Classic Victorian terrace bursting with character. High ceilings, decorative fireplaces, sunny courtyard, moments to Marrickville Road dining.",realestate.com.au/sold/property-house-nsw-marrickville,0,0,4,3.0,96.66666666666667,2.1400661634962708,5.707110264748875,14.580978400103845,2025,11,0,1,17
MRK_010,82 Juliett Street,Marrickville,2204,House,3,1,1,320.0,150.0,7.3,500,2025-05-23,2050000,"Charming double-brick cottage in desirable Enmore border pocket. Polished floors, modern bathroom, deep garden lawn.",realestate.com.au/sold/property-house-nsw-marrickville,0,1,4,3.0,106.66666666666667,2.1162555148025524,6.2166061010848646,14.53335035111459,2025,5,0,0,15
MRK_011,53A Pile Street,Marrickville,2204,Semi-Detached,3,2,1,240.0,140.0,7.7,480,2025-08-20,2050000,"Stylishly updated semi featuring open plan living, Caesarstone kitchen, master with ensuite, private courtyard.",realestate.com.au/sold/property-semi-detached-nsw-marrickville,0,0,5,1.5,80.0,2.1633230256605382,6.175867270105761,14.53335035111459,2025,8,0,0,14
MRK_012,37 Arthur Street,Marrickville,2204,House,3,1,1,280.0,130.0,7.6,400,2024-03-16,2050000,"Freestanding brick cottage offering comfortable living today with scope to renovate. Sun-drenched garden, side drive parking.",realestate.com.au/sold/property-house-nsw-marrickville,0,0,4,3.0,93.33333333333333,2.151762203259462,5.993961427306569,14.53335035111459,2024,3,0,1,16
MRK_013,15 Wallace Street,Marrickville,2204,Semi-Detached,2,1,0,210.0,105.0,7.4,350,2025-03-21,1830000,"Single-fronted Victorian terrace with tasteful renovations. Modern kitchen, light-filled courtyard, footsteps to vibrant cafes.",realestate.com.au/sold/property-semi-detached-nsw-marrickville,0,0,3,2.0,105.0,2.128231705849268,5.860786223465865,14.419826524817603,2025,3,0,1,14
MRK_014,2 Park Road,Marrickville,2204,House,2,1,1,270.0,150.0,7.5,420,2024-03-05,1790000,"Parkside position overlooking Henson Park. Character features, high ceilings, neat kitchen, private sunny yard.",realestate.com.au/sold/property-house-nsw-marrickville,0,1,3,2.0,135.0,2.1400661634962708,6.042632833682381,14.397726177816939,2024,3,0,1,14
MRK_015,213/1-13 Garners Avenue,Marrickville,2204,Apartment,3,2,2,0.0,145.0,7.5,450,2025-02-11,1770000,"Exceptional warehouse conversion apartment with soaring exposed timber ceilings and brickwork. Oversized terrace, tandem parking, lift access.",realestate.com.au/sold/property-apartment-nsw-marrickville,1,0,5,1.5,0.0,2.1400661634962708,6.111467339502679,14.386490104550012,2025,2,1,0,17
MRK_016,3 Woodland Street,Marrickville,2204,Semi-Detached,2,1,1,220.0,110.0,7.9,620,2024-06-26,1715000,"Immaculate single-level semi in quiet street. Timber floors, renovated kitchen, covered pergola entertaining, side driveway.",realestate.com.au/sold/property-semi-detached-nsw-marrickville,0,0,3,2.0,110.0,2.186051276738094,6.431331081933479,14.354923638582177,2024,6,0,1,15
MRK_017,4 Llewellyn Street,Marrickville,2204,Semi-Detached,2,1,0,190.0,95.0,7.4,300,2024-05-23,1620000,"Classic worker's cottage in prime urban village pocket. Skylit interiors, open living, low-maintenance rear courtyard.",realestate.com.au/sold/property-semi-detached-nsw-marrickville,0,0,3,2.0,95.0,2.128231705849268,5.707110264748875,14.297936707208567,2024,5,0,0,15
MRK_018,7 Chalder Street,Marrickville,2204,House,2,1,1,250.0,150.0,7.8,500,2024-09-21,1515000,"Original unrenovated condition deceased estate. Ripe for restoration or rebuild (STCA). 10m frontage, level block.",realestate.com.au/sold/property-house-nsw-marrickville,0,1,3,2.0,125.0,2.174751721484161,6.2166061010848646,14.230925996925606,2024,9,0,2,15
MRK_019,72 Petersham Road,Marrickville,2204,Semi-Detached,2,1,0,180.0,88.0,7.1,250,2024-10-10,1408000,"Victorian semi in convenient location near rail and buses. High ceilings, functional kitchen, sunny courtyard with storage shed.",realestate.com.au/sold/property-semi-detached-nsw-marrickville,0,0,3,2.0,90.0,2.0918640616783932,5.5254529391317835,14.157680815700125,2024,10,0,0,18
MRK_020,410/186B Victoria Road,Marrickville,2204,Apartment,2,2,1,0.0,105.0,7.6,450,2025-10-07,1400000,"Contemporary apartment in modern security building. Sun-drenched open living, designer kitchen, district views, secure parking.",realestate.com.au/sold/property-apartment-nsw-marrickville,1,0,4,1.0,0.0,2.151762203259462,6.111467339502679,14.151982794585487,2025,10,1,0,15
MRK_021,103/20-22 George Street,Marrickville,2204,Apartment,2,2,1,0.0,98.0,7.8,500,2025-06-03,1360000,"Stylish apartment in boutique block. Gas kitchen with stone benchtops, spacious balcony, secure underground parking.",realestate.com.au/sold/property-apartment-nsw-marrickville,1,0,4,1.0,0.0,2.174751721484161,6.2166061010848646,14.122995257712235,2025,6,0,0,15
MRK_022,28/29-35 Cowper Street,Marrickville,2204,Townhouse,2,1,1,120.0,92.0,7.5,350,2025-10-18,1285000,"Spacious two-level townhouse in quiet garden complex. Private paved courtyard, internal laundry, secure garage.",realestate.com.au/sold/property-townhouse-nsw-marrickville,0,0,3,2.0,60.0,2.1400661634962708,5.860786223465865,14.066269276311457,2025,10,0,0,14
MRK_023,34/198-204 Marrickville Road,Marrickville,2204,Apartment,2,2,1,0.0,90.0,7.5,250,2025-10-18,1145000,"Right in the heart of Marrickville. Modern apartment with expansive terrace, master ensuite, lift access, secure car space.",realestate.com.au/sold/property-apartment-nsw-marrickville,1,0,4,1.0,0.0,2.1400661634962708,5.5254529391317835,13.950915194970477,2025,10,0,0,18
MRK_024,10/9 Hill Street,Marrickville,2204,Apartment,2,1,1,0.0,82.0,7.6,300,2025-10-22,1055000,"Immaculately presented mid-floor apartment. Freshly painted, timber floors, balcony, registered car space on title.",realestate.com.au/sold/property-apartment-nsw-marrickville,1,0,3,2.0,0.0,2.151762203259462,5.707110264748875,13.869051324892304,2025,10,0,0,14
MRK_025,2/68 Ewart Street,Marrickville,2204,Apartment,2,1,1,0.0,85.0,8.0,450,2025-10-09,1030000,"Riverside precinct apartment with leafy outlook. Updated kitchen, generous bedrooms with built-ins, car space.",realestate.com.au/sold/property-apartment-nsw-marrickville,1,0,3,2.0,0.0,2.1972245773362196,6.111467339502679,13.845069360205818,2025,10,0,0,14
MRK_026,8/11 Hill Street,Marrickville,2204,Apartment,2,1,1,0.0,75.0,7.6,310,2024-09-07,1021500,"Bright top-floor apartment in solid brick security block. Separate living and dining, balcony, undercover car space.",realestate.com.au/sold/property-apartment-nsw-marrickville,1,1,3,2.0,0.0,2.151762203259462,5.739792912179234,13.836782693239813,2024,9,0,0,16
MRK_027,3/48-52 Hill Street,Marrickville,2204,Apartment,2,1,1,0.0,78.0,7.7,350,2025-09-23,985000,"Quietly positioned apartment with modern updates. Internal laundry, balcony, security intercom, designated car space.",realestate.com.au/sold/property-apartment-nsw-marrickville,1,0,3,2.0,0.0,2.1633230256605382,5.860786223465865,13.800396920154226,2025,9,0,0,14
MRK_028,16/9 Hill Street,Marrickville,2204,Apartment,2,1,1,0.0,76.0,7.6,300,2024-03-16,970000,"Elevated corner apartment with district outlook. Timber floors, built-in robes, secure parking, walk to train.",realestate.com.au/sold/property-apartment-nsw-marrickville,1,0,3,2.0,0.0,2.151762203259462,5.707110264748875,13.785051350479566,2024,3,0,0,15
MRK_029,12/1 George Street,Marrickville,2204,Apartment,2,1,1,0.0,74.0,7.8,480,2025-05-22,914000,"Renovated apartment with modern kitchen and bathroom. Sunlit balcony, car space, ideal first home or investment.",realestate.com.au/sold/property-apartment-nsw-marrickville,1,0,3,2.0,0.0,2.174751721484161,6.175867270105761,13.725585850436287,2025,5,0,1,16
MRK_030,10/26 George Street,Marrickville,2204,Apartment,2,1,1,0.0,72.0,7.8,510,2025-04-09,895000,"Solid brick apartment in tidy boutique block. Fresh paint, updated timber flooring, undercover parking space.",realestate.com.au/sold/property-apartment-nsw-marrickville,1,0,3,2.0,0.0,2.174751721484161,6.236369590203704,13.704578997256993,2025,4,0,0,15
MRK_031,204/20-22 George Street,Marrickville,2204,Apartment,1,1,1,0.0,60.0,7.8,500,2025-02-11,887000,"Oversized one-bedroom apartment with separate study alcove. Gas kitchen, entertainer's balcony, secure parking.",realestate.com.au/sold/property-apartment-nsw-marrickville,1,0,2,1.0,0.0,2.174751721484161,6.2166061010848646,13.695600261291716,2025,2,0,0,13
MRK_032,7/75 Warren Road,Marrickville,2204,Apartment,2,1,1,0.0,68.0,7.9,550,2025-10-15,870000,"Peaceful rear position in well-maintained security block. Open living, private balcony, car space on title.",realestate.com.au/sold/property-apartment-nsw-marrickville,1,0,3,2.0,0.0,2.186051276738094,6.311734809152915,13.676248490630767,2025,10,0,0,15
MRK_033,3/12 George Street,Marrickville,2204,Apartment,1,1,1,0.0,56.0,7.8,490,2025-04-16,855000,"Bright top-floor 1-bedroom unit with north-facing balcony. Caesarstone kitchen, secure parking, low strata fees.",realestate.com.au/sold/property-apartment-nsw-marrickville,1,0,2,1.0,0.0,2.174751721484161,6.19644412779452,13.658856747918897,2025,4,0,0,14
MRK_034,3/25A George Street,Marrickville,2204,Apartment,1,1,1,0.0,54.0,7.8,510,2025-03-01,840000,"Executive one-bedroom apartment in boutique complex. Modern finishes, internal laundry, basement storage and parking.",realestate.com.au/sold/property-apartment-nsw-marrickville,1,0,2,1.0,0.0,2.174751721484161,6.236369590203704,13.641157170819497,2025,3,0,0,14
MRK_035,13/480 Illawarra Road,Marrickville,2204,Apartment,1,1,1,0.0,52.0,8.1,420,2025-09-24,800000,"Top floor apartment moments to Marrickville train station and Cooks River. Light and airy, balcony, car space.",realestate.com.au/sold/property-apartment-nsw-marrickville,1,0,2,1.0,0.0,2.2082744135228043,6.042632833682381,13.592367006650065,2025,9,0,0,17
MRK_036,2/1 George Street,Marrickville,2204,Apartment,1,1,0,0.0,48.0,7.8,470,2025-03-20,770000,"Neat ground floor 1-bedroom apartment in boutique block of eight. On-street parking, strong rental yield.",realestate.com.au/sold/property-apartment-nsw-marrickville,1,0,2,1.0,0.0,2.174751721484161,6.154858094016418,13.554145793829866,2025,3,0,0,15
MRK_037,76 Silver Street,Marrickville,2204,House,3,1,1,340.0,150.0,7.7,520,2025-11-11,2320000,"Freestanding Federation residence with immense character. High ornate ceilings, sunny rear lawn, off-street parking.",realestate.com.au/sold/property-house-nsw-marrickville,0,1,4,3.0,113.33333333333333,2.1633230256605382,6.255750041753367,14.657077743642493,2025,11,0,1,14
MRK_038,18 Moncur Street,Marrickville,2204,House,2,1,0,230.0,115.0,7.4,320,2025-03-01,1850000,"Single-fronted Victorian cottage in quiet street. Polished timber floors, updated gas kitchen, leafy private courtyard.",realestate.com.au/sold/property-house-nsw-marrickville,0,0,3,2.0,115.0,2.128231705849268,5.771441123130016,14.430696197054507,2025,3,0,0,15
BLK_001,2 & 4 Ash Street,Blacktown,2148,House,6,3,4,1180.0,142.5,34.0,850,2025-02-04,2400000,Rare double block development site totalling 1180sqm with 30m frontage. R3 Medium Density Residential zoning with DA approval for townhouse development.,realestate.com.au/sold/property-house-nsw-blacktown,0,1,9,2.0,196.66666666666666,3.5553480614894135,6.7464121285733745,14.690979295318174,2025,2,0,2,21
BLK_002,2 Oxford Street,Blacktown,2148,House,4,2,2,685.0,210.0,34.5,700,2024-04-08,1310000,"Immaculately presented brick family residence on generous 685sqm parcel. Dual living zones, renovated kitchen, in-ground swimming pool, double garage.",realestate.com.au/sold/property-house-nsw-blacktown,0,0,6,2.0,171.25,3.56953269648137,6.55250788703459,14.085537695177335,2024,4,0,1,19
BLK_003,52 Balmoral Street,Blacktown,2148,House,4,1,2,650.0,142.5,34.8,800,2026-09-08,1300000,"Solid single level family home on rectangular 650sqm parcel with granny flat potential (STCA). Split system A/C, lock-up garage and workshop.",realestate.com.au/sold/property-house-nsw-blacktown,0,1,5,4.0,162.5,3.5779478934066544,6.68586094706836,14.077874822431765,2026,9,0,1,21
BLK_004,42 Burke Street,Blacktown,2148,House,5,3,2,620.0,245.0,33.8,950,2026-09-11,1260000,"Spacious double-storey family residence offering five bedrooms, multiple living areas, covered pergola BBQ patio, double garage with internal access.",realestate.com.au/sold/property-house-nsw-blacktown,0,0,8,1.6666666666666667,124.0,3.5496173867804286,6.85751406254539,14.04662227892766,2026,9,0,0,19
BLK_005,9 Ash Street,Blacktown,2148,House,4,2,2,590.0,190.0,34.1,820,2025-07-14,1250000,"Renovated brick family home featuring stone gas kitchen, master ensuite, ducted air conditioning, undercover alfresco entertaining area.",realestate.com.au/sold/property-house-nsw-blacktown,0,0,6,2.0,147.5,3.55820113047182,6.710523109452428,14.038654109278484,2025,7,0,1,17
BLK_006,9 Cavendish Avenue,Blacktown,2148,House,3,2,1,560.0,165.0,34.4,750,2025-01-23,1190000,"Single-level family starter with modern updates throughout. Contemporary bathroom, polished timber floors, child-friendly level backyard.",realestate.com.au/sold/property-house-nsw-blacktown,0,0,5,1.5,186.66666666666666,3.5667118201397288,6.621405651764134,13.989463865087712,2025,1,0,0,15
BLK_007,10 Western Crescent,Blacktown,2148,House,3,2,2,580.0,142.5,34.2,680,2025-04-07,1190000,"Well-kept family home walking distance to Blacktown station and Westpoint shopping centre. Spacious lounge, covered pergola, secure lock-up garage.",realestate.com.au/sold/property-house-nsw-blacktown,0,1,5,1.5,193.33333333333334,3.5610460826040513,6.523562306149512,13.989463865087712,2025,4,0,0,19
BLK_008,16 Stella Place,Blacktown,2148,House,4,2,2,530.0,180.0,35.1,1200,2025-01-17,1140000,"Peaceful cul-de-sac position. Four generous bedrooms with built-in robes, master ensuite, modern kitchen, covered alfresco area.",realestate.com.au/sold/property-house-nsw-blacktown,0,0,6,2.0,132.5,3.586292865338835,7.0909098220799835,13.946538820370678,2025,1,0,0,16
BLK_009,24 Eggleton Street,Blacktown,2148,House,3,1,2,575.0,155.0,34.6,900,2025-01-17,1135000,Brick veneer home with detached double garage/workshop. Clear block with potential for granny flat addition (STCA).,realestate.com.au/sold/property-house-nsw-blacktown,0,0,4,3.0,191.66666666666666,3.572345637857985,6.803505257608338,13.94214320889764,2025,1,0,1,16
BLK_010,146 & 146a Bungarribee Road,Blacktown,2148,House,5,3,2,680.0,142.5,34.9,1100,2024-12-22,1100000,"House plus Council-approved granny flat offering dual income potential. Combined rental return $1,100 per week. Ideal investment.",realestate.com.au/sold/property-house-nsw-blacktown,0,1,8,1.6666666666666667,136.0,3.580737295494233,7.00397413672268,13.9108207377686,2024,12,0,1,17
BLK_011,59 Mort Street,Blacktown,2148,House,3,1,1,550.0,140.0,34.3,850,2025-02-03,1080000,"Solid single level cottage with renovated kitchen and bathroom. Sun-drenched backyard, air conditioning, close to schools.",realestate.com.au/sold/property-house-nsw-blacktown,0,0,4,3.0,183.33333333333334,3.563882963939251,6.7464121285733745,13.892471599100402,2025,2,0,1,16
BLK_012,37 Western Crescent,Blacktown,2148,House,3,1,2,560.0,145.0,34.2,720,2024-02-02,1050000,"Neat brick residence moments to transport. Polished timber floors, spacious outdoor patio, wide driveway with tandem carport.",realestate.com.au/sold/property-house-nsw-blacktown,0,0,4,3.0,186.66666666666666,3.5610460826040513,6.580639137284949,13.864300722133706,2024,2,0,0,17
BLK_013,42 Kurrajong Crescent,Blacktown,2148,House,3,1,1,540.0,135.0,35.0,1300,2025-02-01,1025000,"Well maintained single level family home. Large covered alfresco area, garden shed, child-safe fully fenced yard.",realestate.com.au/sold/property-house-nsw-blacktown,0,0,4,3.0,180.0,3.58351893845611,7.170888478512505,13.840203170554645,2025,2,0,0,16
BLK_014,17 Western Crescent,Blacktown,2148,House,3,1,1,520.0,142.5,34.2,700,2025-07-04,1020000,"Solid home ready to move straight into. Updated bathroom, split system air conditioning, easy walk to train station.",realestate.com.au/sold/property-house-nsw-blacktown,0,1,4,3.0,173.33333333333334,3.5610460826040513,6.55250788703459,13.835313185260453,2025,7,0,0,18
BLK_015,16 Dell Street,Blacktown,2148,House,3,1,1,510.0,130.0,34.5,950,2025-02-01,1015000,"Brick family home in quiet residential pocket. Open plan living, timber flooring, undercover entertainment area.",realestate.com.au/sold/property-house-nsw-blacktown,0,0,4,3.0,170.0,3.56953269648137,6.85751406254539,13.830399170458024,2025,2,0,0,15
BLK_016,6 Birdie Circuit,Blacktown,2148,House,3,1,1,480.0,125.0,35.5,1600,2025-01-16,960000,"Single-level starter in quiet circuit. Modern kitchen, neat bathroom, lock-up garage with internal laundry.",realestate.com.au/sold/property-house-nsw-blacktown,0,0,4,3.0,160.0,3.597312260588446,7.3783837129967145,13.77468856344402,2025,1,0,0,14
BLK_017,1 Ash Street,Blacktown,2148,House,3,1,1,490.0,142.5,34.0,800,2024-11-16,888000,"Original clad home ripe for renovation or rebuild. Wide frontage, level ground, superb scope to capitalise.",realestate.com.au/sold/property-house-nsw-blacktown,0,1,4,3.0,163.33333333333334,3.5553480614894135,6.68586094706836,13.696727021974308,2024,11,0,2,16
BLK_018,11 Ash Street,Blacktown,2148,House,3,1,1,500.0,120.0,34.1,830,2024-04-13,877000,"Cosy family residence featuring 3 bedrooms, formal lounge, functional kitchen and generous child-friendly backyard.",realestate.com.au/sold/property-house-nsw-blacktown,0,0,4,3.0,166.66666666666666,3.55820113047182,6.7226297948554485,13.68426227135432,2024,4,0,0,14
BLK_019,23 Western Crescent,Blacktown,2148,House,3,1,1,470.0,115.0,34.2,710,2024-02-10,867500,"Tidy entry level residence in convenient location. Close to local schools, buses and Westpoint Blacktown.",realestate.com.au/sold/property-house-nsw-blacktown,0,0,4,3.0,156.66666666666666,3.5610460826040513,6.566672429803241,13.673370790803151,2024,2,0,0,15
BLK_020,3/14-16 Flushcombe Road,Blacktown,2148,Townhouse,3,2,1,180.0,135.0,34.4,550,2025-06-12,795000,"Modern two-storey townhouse in boutique complex. Open plan living, gas kitchen with stone tops, private courtyard, remote garage.",realestate.com.au/sold/property-townhouse-nsw-blacktown,0,0,5,1.5,60.0,3.5667118201397288,6.311734809152915,13.58609739363647,2025,6,0,0,18
BLK_021,5/22 Kildare Road,Blacktown,2148,Townhouse,3,2,1,165.0,128.0,34.6,600,2024-09-18,765000,"Contemporary townhouse footsteps to Westpoint. Ensuite to master, built-in wardrobes, lock-up garage with internal access.",realestate.com.au/sold/property-townhouse-nsw-blacktown,0,0,5,1.5,55.0,3.572345637857985,6.398594934535208,13.547631112808673,2024,9,0,0,15
BLK_022,8/45 Bungarribee Road,Blacktown,2148,Townhouse,2,1,1,140.0,105.0,34.8,850,2025-03-22,685000,"Low-maintenance two-bedroom townhouse in quiet complex. Freshly painted, private courtyard, lock-up garage.",realestate.com.au/sold/property-townhouse-nsw-blacktown,0,0,3,2.0,70.0,3.5779478934066544,6.7464121285733745,13.437174117244362,2025,3,0,0,12
BLK_023,14/20-22 Fourth Avenue,Blacktown,2148,Apartment,2,2,1,0.0,88.0,34.3,350,2025-10-14,577000,"Modern apartment in central Blacktown CBD. Footsteps to train station, Caesarstone kitchen, master ensuite, secure basement parking.",realestate.com.au/sold/property-unit-nsw-blacktown,1,0,4,1.0,0.0,3.563882963939251,5.860786223465865,13.265597545490236,2025,10,0,0,17
BLK_024,5/19-21 Oxford Street,Blacktown,2148,Apartment,3,2,1,0.0,102.0,34.4,650,2024-03-08,565000,"Rare 3-bedroom apartment offering generous proportions. Master bedroom with ensuite, large balcony, secure basement parking.",realestate.com.au/sold/property-apartment-nsw-blacktown,1,0,5,1.5,0.0,3.5667118201397288,6.478509642208569,13.244581010128577,2024,3,0,0,15
BLK_025,106/1-5 Oxford Street,Blacktown,2148,Apartment,2,2,1,0.0,86.0,34.4,620,2024-03-20,560000,"Light-filled unit in modern security block with lift. Gas cooking, stainless steel appliances, covered balcony, secure car space.",realestate.com.au/sold/property-unit-nsw-blacktown,1,0,4,1.0,0.0,3.5667118201397288,6.431331081933479,13.235692062711331,2024,3,0,0,18
BLK_026,408/3 Balmoral Street,Blacktown,2148,Apartment,2,2,1,0.0,85.0,34.6,450,2025-07-14,555000,"Fourth floor security apartment with expansive district views. Open living, stone bench kitchen, secure car space.",realestate.com.au/sold/property-apartment-nsw-blacktown,1,0,4,1.0,0.0,3.572345637857985,6.111467339502679,13.226723392728571,2025,7,0,0,16
BLK_027,1304/1 Boys Avenue,Blacktown,2148,Apartment,2,2,1,0.0,77.5,34.3,400,2024-12-09,520000,"High-rise apartment in high-demand complex. Modern finishes, pool and gym facilities in complex, secure parking.",realestate.com.au/sold/property-unit-nsw-blacktown,1,1,4,1.0,0.0,3.563882963939251,5.993961427306569,13.16158409055761,2024,12,0,0,15
BLK_028,2/15 Sunnyholt Road,Blacktown,2148,Apartment,2,1,1,0.0,75.0,34.5,500,2025-05-18,495000,"Solid brick unit in quiet block. Well maintained throughout, internal laundry, balcony, undercover car space.",realestate.com.au/sold/property-apartment-nsw-blacktown,1,0,3,2.0,0.0,3.56953269648137,6.2166061010848646,13.112313041550827,2025,5,0,0,15
BLK_029,12/28-32 Second Avenue,Blacktown,2148,Apartment,2,1,1,0.0,72.0,34.4,420,2024-08-14,475000,"Conveniently located unit moments to TAFE, hospital and station. Fresh paint, good-sized bedrooms, dedicated parking.",realestate.com.au/sold/property-apartment-nsw-blacktown,1,0,3,2.0,0.0,3.5667118201397288,6.042632833682381,13.071070083016778,2024,8,0,0,15
BLK_030,20/8-14 Oxford Street,Blacktown,2148,Apartment,2,2,1,0.0,80.0,34.4,600,2025-09-16,440000,"Great entry-level apartment or high-yield investment. 2 beds with built-ins, 2 baths, balcony, secure basement car space.",realestate.com.au/sold/property-unit-nsw-blacktown,1,0,4,1.0,0.0,3.5667118201397288,6.398594934535208,12.994530005894443,2025,9,0,0,17
BLK_031,314/1-5 Oxford Street,Blacktown,2148,Apartment,1,1,1,0.0,54.0,34.4,620,2024-04-24,433000,"One-bedroom apartment with open plan living, modern kitchen, spacious bedroom with built-in robe, secure parking.",realestate.com.au/sold/property-apartment-nsw-blacktown,1,0,2,1.0,0.0,3.5667118201397288,6.431331081933479,12.978493006984626,2024,4,0,0,15
BLK_032,110/3 Balmoral Street,Blacktown,2148,Apartment,1,1,1,0.0,50.0,34.6,450,2025-07-22,392000,"Ground floor 1-bedroom unit ideal for downsizer or investor. Low maintenance, security building, walk to all amenities.",realestate.com.au/sold/property-apartment-nsw-blacktown,1,0,2,1.0,0.0,3.572345637857985,6.111467339502679,12.8790171187726,2025,7,0,0,17
BLK_033,4/18 First Avenue,Blacktown,2148,Apartment,1,1,0,0.0,46.0,34.3,380,2024-10-05,375000,"Compact studio/one-bed unit right in Blacktown CBD. Low strata levies, walking distance to train and shops.",realestate.com.au/sold/property-apartment-nsw-blacktown,1,0,2,1.0,0.0,3.563882963939251,5.942799375126701,12.834681304952548,2024,10,0,0,16
BLK_034,28 Newton Road,Blacktown,2148,House,3,1,1,585.0,135.0,34.7,900,2025-08-11,1060000,"Single level brick home on rectangular 585sqm parcel with granny flat potential (STCA). Air conditioned, drive-through garage.",realestate.com.au/sold/property-house-nsw-blacktown,0,0,4,3.0,195.0,3.5751506887855933,6.803505257608338,13.87377946608825,2025,8,0,1,17
BLK_035,15 Kildare Road,Blacktown,2148,House,4,2,2,615.0,142.5,34.6,650,2025-06-28,1220000,"Prime location close to station. Four bedroom family home with covered alfresco patio, child-friendly garden, double lock-up garage.",realestate.com.au/sold/property-house-nsw-blacktown,0,1,6,2.0,153.75,3.572345637857985,6.478509642208569,14.01436141670944,2025,6,0,0,18
