PropertyID,Address,Suburb,Postcode,PropertyType,Bedrooms,Bathrooms,CarSpaces,LandArea,BuildingArea,DistCBD,DistStation,SettlementDate,SalePrice,ListingText,Source
MOS_001,6/3 Raglan Street,Mosman,2088,Apartment,4,4,3,,380.0,6.2,450,2025-02-26,15000000,"Sublime whole-floor penthouse capturing world-class 270-degree harbour panoramas from Sydney Heads to the Harbour Bridge. Private internal lift, limestone terrace, Gaggenau kitchen, private heated plunge pool.",realestate.com.au/sold/property-apartment-nsw-mosman
MOS_002,2/2E Mosman Street,Mosman,2088,Apartment,4,3,2,,295.0,5.8,120,2024-05-29,13500000,"Direct absolute waterfront apartment positioned right on Mosman Bay with private marina berth and uninterrupted water views. Master retreat, marble baths, bespoke joinery.",realestate.com.au/sold/property-apartment-nsw-mosman
MOS_003,30 Beauty Point Road,Mosman,2088,House,5,4,2,840.0,420.0,7.4,1400,2025-11-17,11000000,"Commanding architectural masterpiece in blue-ribbon Beauty Point enclave. Sweeping Middle Harbour vistas, infinity-edge swimming pool, level lawns, and self-contained studio.",realestate.com.au/sold/property-house-nsw-mosman
MOS_004,50 Bay Street,Mosman,2088,House,5,4,3,785.0,,6.5,600,2024-04-19,10700000,"Grand Federation family estate with tennis court and sparkling in-ground pool. Soaring ornate ceilings, formal banquet dining, wine cellar, moments to Mosman Bay ferry.",realestate.com.au/sold/property-house-nsw-mosman
MOS_005,36 Bay Street,Mosman,2088,House,4,3,2,720.0,350.0,6.6,650,2024-03-11,11000000,"Exceptional Mosman Bay harbour views, private manicured garden oasis, double lock-up garage, master suite with walk-in dressing room and marble ensuite.",realestate.com.au/sold/property-house-nsw-mosman
MOS_006,18 Beauty Point Road,Mosman,2088,House,4,4,2,765.0,380.0,7.3,1350,2024-11-01,9550000,"Luxury family sanctuary capturing panoramic water views over Pearl Bay. Open-concept living, designer European kitchen with butler's pantry, heated pool, internal lift.",realestate.com.au/sold/property-house-nsw-mosman
MOS_007,6 Delecta Avenue,Mosman,2088,House,5,3,2,690.0,,6.8,900,2024-12-11,8732500,"Prestigious parkside cul-de-sac setting. Sprawling two-storey executive entertainer with swimming pool, multiple living zones, bespoke timber cabinetry, level rear garden.",realestate.com.au/sold/property-house-nsw-mosman
MOS_008,19 Beauty Point Road,Mosman,2088,House,4,3,2,710.0,330.0,7.3,1380,2024-09-07,8468000,"Sublime waterfront reserve aspect. Contemporary multi-level design, limestone flooring, floor-to-ceiling glass capturing shimmering water views, alfresco BBQ terrace.",realestate.com.au/sold/property-house-nsw-mosman
MOS_009,89 Bay Street,Mosman,2088,House,4,3,2,645.0,290.0,6.7,700,2024-05-24,7600000,"Classic character home with modern updates. Formal and informal living, gas heated pool, private north-facing courtyard, footsteps to harbour foreshore walks.",realestate.com.au/sold/property-house-nsw-mosman
MOS_010,22B Inkerman Street,Mosman,2088,House,4,3,2,580.0,,6.9,1100,2025-12-05,6900000,"Modern family residence quietly nestled in secluded enclave. Sunlit open plan living, Caesarstone island kitchen, level lawn, double lock-up garage.",realestate.com.au/sold/property-house-nsw-mosman
MOS_011,25 Boyle Street,Mosman,2088,House,4,2,2,610.0,260.0,6.3,500,2025-03-07,6000000,"Charming Federation home blending period elegance with contemporary comfort. High patterned ceilings, leadlight windows, deep child-friendly garden, stroll to ferry.",realestate.com.au/sold/property-house-nsw-mosman
MOS_012,4/22 Parriwi Road,Mosman,2088,Townhouse,3,2,2,265.0,210.0,7.6,1600,2025-11-25,4500000,"Boutique luxury townhouse commanding panoramic Middle Harbour views over The Spit. Direct lift access, private entertainer's deck, marble bathrooms.",realestate.com.au/sold/property-townhouse-nsw-mosman
MOS_013,26 Vista Street,Mosman,2088,House,3,2,1,430.0,185.0,6.6,350,2025-12-05,4320000,"Immaculate single level Federation semi in premier village pocket. Sun-drenched north-to-rear aspect, designer stone kitchen, level manicured lawn.",realestate.com.au/sold/property-house-nsw-mosman
MOS_014,37 Bond Street,Mosman,2088,House,3,2,1,395.0,,6.7,400,2025-02-14,3820000,"Elegant freestanding cottage with scope to add value (STCA). Timber floors, French doors opening to private sunny courtyard, footsteps to cafes.",realestate.com.au/sold/property-house-nsw-mosman
MOS_015,53 Rosebery Street,Mosman,2088,Semi-Detached,4,2,1,310.0,195.0,6.9,600,2025-12-18,3680000,"Substantial semi-detached family residence spanning two light-filled levels. Modern open plan kitchen, covered alfresco dining deck, level lawn.",domain.com.au/sold/53-rosebery-street-mosman-nsw-2088
MOS_016,106 Avenue Road,Mosman,2088,House,3,2,1,360.0,170.0,6.4,250,2025-01-17,3550000,"Freestanding single-level character residence in unbeatable Mosman village location. High ornate ceilings, sunny rear garden, walk to shops and ferry.",realestate.com.au/sold/property-house-nsw-mosman
MOS_017,18 Cowles Road,Mosman,2088,Semi-Detached,3,2,1,290.0,160.0,6.8,750,2024-12-13,3525000,"Classic semi offering seamless indoor/outdoor entertaining. Stone bench gas kitchen, bi-fold doors to private courtyard, ducted reverse cycle A/C.",realestate.com.au/sold/property-semi-detached-nsw-mosman
MOS_018,34 Harbour Street,Mosman,2088,House,3,2,1,340.0,,6.7,550,2025-09-20,3400000,Victorian character home ripe for renovation. Prime position moments from Clifton Gardens and village amenities. Rare opportunity with huge potential.,realestate.com.au/sold/property-house-nsw-mosman
MOS_019,1/34 Muston Street,Mosman,2088,Apartment,3,2,1,,155.0,6.5,420,2024-12-07,2820000,"Oversized ground floor garden apartment in prestigious security building. Private wrap-around terrace, gas cooking, secure lock-up garage.",realestate.com.au/sold/property-apartment-nsw-mosman
MOS_020,3/12 Earl Street,Mosman,2088,Apartment,3,2,1,,138.0,6.6,480,2025-05-23,2380000,"Sun-drenched boutique apartment with district views. Designer updates, open plan living, Caesarstone kitchen, master with ensuite.",realestate.com.au/sold/property-apartment-nsw-mosman
MOS_021,1/26 Somerset Street,Mosman,2088,Apartment,2,1,1,,98.0,6.9,700,2025-08-27,2020000,"Charming Art Deco apartment with peaceful leafy outlook. High ceilings, original timber floorboards, renovated bathroom, secure parking.",realestate.com.au/sold/property-apartment-nsw-mosman
MOS_022,1/62 Cowles Road,Mosman,2088,Apartment,2,1,1,,92.0,6.8,720,2024-12-13,1900000,"Bright top floor apartment in well-maintained security block. Balcony with leafy district views, internal laundry, lock-up garage.",realestate.com.au/sold/property-apartment-nsw-mosman
MOS_023,204/88 Vista Street,Mosman,2088,Apartment,2,1,1,,84.0,6.6,320,2024-12-19,1225000,"Modern apartment in central Mosman hub. Gourmet gas kitchen, SMEG appliances, covered entertainer's balcony, secure basement parking.",realestate.com.au/sold/property-apartment-nsw-mosman
MOS_024,3/6A Mosman Street,Mosman,2088,Apartment,2,1,0,,78.0,5.9,150,2025-08-08,1200000,"Harbourside apartment moments to Mosman Bay ferry wharf. Light-filled interiors, updated kitchen, timber floors. On-street parking.",realestate.com.au/sold/property-apartment-nsw-mosman
MOS_025,3/6B Mosman Street,Mosman,2088,Apartment,2,1,0,,76.0,5.9,160,2025-09-26,1200000,"Peaceful waterside apartment offering tranquil lifestyle. Combined lounge and dining, gas kitchen, shared garden.",realestate.com.au/sold/property-apartment-nsw-mosman
MOS_026,10/97-99 Cabramatta Road,Mosman,2088,Apartment,2,1,1,,80.0,6.4,850,2025-09-26,1190000,"Solid double-brick unit in quiet street. Modern kitchen, sunny balcony, built-in robes, undercover car space.",realestate.com.au/sold/property-apartment-nsw-mosman
MOS_027,6/180 Spit Road,Mosman,2088,Apartment,2,1,1,,,7.2,900,2024-11-21,1140000,"Spacious first-floor apartment with Middle Harbour cameos. Open plan living, double-glazed windows, lock-up garage.",realestate.com.au/sold/property-apartment-nsw-mosman
MOS_028,301/88 Vista Street,Mosman,2088,Apartment,1,1,1,,58.0,6.6,320,2024-11-09,1000000,"Sleek executive 1-bedroom apartment in contemporary building. Caesarstone kitchen, ducted A/C, secure storage cage and parking.",realestate.com.au/sold/property-apartment-nsw-mosman
MOS_029,12/11-17 Clifford Street,Mosman,2088,Apartment,1,1,1,,55.0,6.5,280,2024-11-16,950000,"Quietly positioned rear apartment moments to Military Road B-Line buses and cafes. Fresh interiors, car space on title.",realestate.com.au/sold/property-apartment-nsw-mosman
MOS_030,1/71 Bradleys Head Road,Mosman,2088,Apartment,1,1,1,,52.0,6.7,420,2025-01-23,930000,"Sunlit one-bedroom unit in boutique block. Modern kitchen, timber floors, peaceful green outlook, level walk to village.",realestate.com.au/sold/property-apartment-nsw-mosman
MOS_031,2/19 Warringah Road,Mosman,2088,Apartment,1,1,0,,48.0,7.1,800,2024-11-20,800000,"Affordable entry into prestige Mosman. Ground floor unit in tidy block, gas kitchen, ideal first home or investment.",realestate.com.au/sold/property-apartment-nsw-mosman
MOS_032,94 Spencer Road,Mosman,2088,House,4,2,2,550.0,240.0,6.3,600,2024-03-22,5450000,"Single level Federation home on level block. Large alfresco terrace, level family lawn, high ceilings, lock-up garage.",realestate.com.au/sold/property-house-nsw-mosman
MOS_033,14 Bardwell Road,Mosman,2088,House,4,3,2,620.0,,7.0,950,2025-11-26,7250000,"Renovated family residence moments to Balmoral Beach slopes. Sun-drenched open living, pool, double garage.",realestate.com.au/sold/property-house-nsw-mosman
MOS_034,24 Harbour Street,Mosman,2088,House,3,2,1,375.0,165.0,6.7,520,2024-11-16,3950000,"Freestanding brick cottage in prized tree-lined street. Light-filled interiors, courtyard garden, scope to extend (STCA).",realestate.com.au/sold/property-house-nsw-mosman
MOS_035,48 Holt Avenue,Mosman,2088,House,4,3,2,680.0,310.0,6.5,450,2025-07-31,6800000,"Distinguished Federation home in central position. Grand formal lounge, marble fireplaces, heated swimming pool, level lawn.",realestate.com.au/sold/property-house-nsw-mosman
MOS_036,311/116 Belmont Road,Mosman,2088,Apartment,2,2,1,,90.0,6.2,350,2025-10-31,1450000,"Modern security apartment with leafy district vistas. Stone gas kitchen, two bathrooms, lift access, secure car space.",realestate.com.au/sold/property-apartment-nsw-mosman
MRK_001,69 Renwick Street,Marrickville,2204,House,4,2,2,480.0,220.0,7.4,450,2024-07-10,3100000,"Magnificent freestanding double-fronted Victorian residence on wide 480sqm parcel. Ornate ceilings, wide Kauri pine floorboards, expansive sun-drenched north-to-rear garden, double parking.",realestate.com.au/sold/property-house-nsw-marrickville
MRK_002,9 Fletcher Street,Marrickville,2204,House,4,3,1,410.0,210.0,7.6,380,2025-07-04,3050000,"Architecturally transformed period home offering ultimate luxury living. Seamless indoor/outdoor flow, heated concrete pool, custom marble kitchen, wine cellar.",realestate.com.au/sold/property-house-nsw-marrickville
MRK_003,17a George Street,Marrickville,2204,House,4,2,2,445.0,,7.8,550,2025-05-21,2870000,"Striking contemporary residence blending industrial flair with family comfort. Soaring ceilings, polished concrete floors, landscaped level lawn.",realestate.com.au/sold/property-house-nsw-marrickville
MRK_004,196A Addison Road,Marrickville,2204,House,3,2,1,360.0,175.0,7.2,600,2025-03-28,2740000,"Designer urban haven footsteps to Addison Road Community Centre and organic markets. Open plan living, bespoke joinery, private courtyard oasis.",realestate.com.au/sold/property-house-nsw-marrickville
MRK_005,22 Bourne Street,Marrickville,2204,House,3,2,1,390.0,160.0,7.7,500,2024-05-21,2650000,"Charming double-brick home with modern extension. North-facing entertainer's deck, stylish gas kitchen, lock-up garage with rear lane access.",realestate.com.au/sold/property-house-nsw-marrickville
MRK_006,14 Porter Avenue,Marrickville,2204,House,3,2,2,350.0,,7.5,420,2024-05-25,2500000,"Impeccably renovated character bungalow on tree-lined street. High ornate ceilings, timber floors, alfresco dining patio, double carport.",realestate.com.au/sold/property-house-nsw-marrickville
MRK_007,12 Woodland Street,Marrickville,2204,House,3,1,1,380.0,150.0,7.9,650,2024-12-27,2450000,"Freestanding home near Cooks River parklands. Generous backyard, solid brick construction, updated kitchen, potential to capitalise.",realestate.com.au/sold/property-house-nsw-marrickville
MRK_008,36 Frampton Avenue,Marrickville,2204,House,3,2,1,310.0,145.0,7.6,350,2025-08-22,2175000,"Modernised single-level home with sunlit open living. Bi-fold doors to private deck, stone kitchen, air conditioning, close to Marrickville station.",realestate.com.au/sold/property-house-nsw-marrickville
MRK_009,11 Edward Street,Marrickville,2204,House,3,1,0,290.0,135.0,7.5,300,2025-11-11,2150000,"Classic Victorian terrace bursting with character. High ceilings, decorative fireplaces, sunny courtyard, moments to Marrickville Road dining.",realestate.com.au/sold/property-house-nsw-marrickville
MRK_010,82 Juliett Street,Marrickville,2204,House,3,1,1,320.0,,7.3,500,2025-05-23,2050000,"Charming double-brick cottage in desirable Enmore border pocket. Polished floors, modern bathroom, deep garden lawn.",realestate.com.au/sold/property-house-nsw-marrickville
MRK_011,53A Pile Street,Marrickville,2204,Semi-Detached,3,2,1,240.0,140.0,7.7,480,2025-08-20,2050000,"Stylishly updated semi featuring open plan living, Caesarstone kitchen, master with ensuite, private courtyard.",realestate.com.au/sold/property-semi-detached-nsw-marrickville
MRK_012,37 Arthur Street,Marrickville,2204,House,3,1,1,280.0,130.0,7.6,400,2024-03-16,2050000,"Freestanding brick cottage offering comfortable living today with scope to renovate. Sun-drenched garden, side drive parking.",realestate.com.au/sold/property-house-nsw-marrickville
MRK_013,15 Wallace Street,Marrickville,2204,Semi-Detached,2,1,0,210.0,105.0,7.4,350,2025-03-21,1830000,"Single-fronted Victorian terrace with tasteful renovations. Modern kitchen, light-filled courtyard, footsteps to vibrant cafes.",realestate.com.au/sold/property-semi-detached-nsw-marrickville
MRK_014,2 Park Road,Marrickville,2204,House,2,1,1,270.0,,7.5,420,2024-03-05,1790000,"Parkside position overlooking Henson Park. Character features, high ceilings, neat kitchen, private sunny yard.",realestate.com.au/sold/property-house-nsw-marrickville
MRK_015,213/1-13 Garners Avenue,Marrickville,2204,Apartment,3,2,2,,145.0,7.5,450,2025-02-11,1770000,"Exceptional warehouse conversion apartment with soaring exposed timber ceilings and brickwork. Oversized terrace, tandem parking, lift access.",realestate.com.au/sold/property-apartment-nsw-marrickville
MRK_016,3 Woodland Street,Marrickville,2204,Semi-Detached,2,1,1,220.0,110.0,7.9,620,2024-06-26,1715000,"Immaculate single-level semi in quiet street. Timber floors, renovated kitchen, covered pergola entertaining, side driveway.",realestate.com.au/sold/property-semi-detached-nsw-marrickville
MRK_017,4 Llewellyn Street,Marrickville,2204,Semi-Detached,2,1,0,190.0,95.0,7.4,300,2024-05-23,1620000,"Classic worker's cottage in prime urban village pocket. Skylit interiors, open living, low-maintenance rear courtyard.",realestate.com.au/sold/property-semi-detached-nsw-marrickville
MRK_018,7 Chalder Street,Marrickville,2204,House,2,1,1,250.0,,7.8,500,2024-09-21,1515000,"Original unrenovated condition deceased estate. Ripe for restoration or rebuild (STCA). 10m frontage, level block.",realestate.com.au/sold/property-house-nsw-marrickville
MRK_019,72 Petersham Road,Marrickville,2204,Semi-Detached,2,1,0,180.0,88.0,7.1,250,2024-10-10,1408000,"Victorian semi in convenient location near rail and buses. High ceilings, functional kitchen, sunny courtyard with storage shed.",realestate.com.au/sold/property-semi-detached-nsw-marrickville
MRK_020,410/186B Victoria Road,Marrickville,2204,Apartment,2,2,1,,105.0,7.6,450,2025-10-07,1400000,"Contemporary apartment in modern security building. Sun-drenched open living, designer kitchen, district views, secure parking.",realestate.com.au/sold/property-apartment-nsw-marrickville
MRK_021,103/20-22 George Street,Marrickville,2204,Apartment,2,2,1,,98.0,7.8,500,2025-06-03,1360000,"Stylish apartment in boutique block. Gas kitchen with stone benchtops, spacious balcony, secure underground parking.",realestate.com.au/sold/property-apartment-nsw-marrickville
MRK_022,28/29-35 Cowper Street,Marrickville,2204,Townhouse,2,1,1,120.0,92.0,7.5,350,2025-10-18,1285000,"Spacious two-level townhouse in quiet garden complex. Private paved courtyard, internal laundry, secure garage.",realestate.com.au/sold/property-townhouse-nsw-marrickville
MRK_023,34/198-204 Marrickville Road,Marrickville,2204,Apartment,2,2,1,,90.0,7.5,250,2025-10-18,1145000,"Right in the heart of Marrickville. Modern apartment with expansive terrace, master ensuite, lift access, secure car space.",realestate.com.au/sold/property-apartment-nsw-marrickville
MRK_024,10/9 Hill Street,Marrickville,2204,Apartment,2,1,1,,82.0,7.6,300,2025-10-22,1055000,"Immaculately presented mid-floor apartment. Freshly painted, timber floors, balcony, registered car space on title.",realestate.com.au/sold/property-apartment-nsw-marrickville
MRK_025,2/68 Ewart Street,Marrickville,2204,Apartment,2,1,1,,85.0,8.0,450,2025-10-09,1030000,"Riverside precinct apartment with leafy outlook. Updated kitchen, generous bedrooms with built-ins, car space.",realestate.com.au/sold/property-apartment-nsw-marrickville
MRK_026,8/11 Hill Street,Marrickville,2204,Apartment,2,1,1,,,7.6,310,2024-09-07,1021500,"Bright top-floor apartment in solid brick security block. Separate living and dining, balcony, undercover car space.",realestate.com.au/sold/property-apartment-nsw-marrickville
MRK_027,3/48-52 Hill Street,Marrickville,2204,Apartment,2,1,1,,78.0,7.7,350,2025-09-23,985000,"Quietly positioned apartment with modern updates. Internal laundry, balcony, security intercom, designated car space.",realestate.com.au/sold/property-apartment-nsw-marrickville
MRK_028,16/9 Hill Street,Marrickville,2204,Apartment,2,1,1,,76.0,7.6,300,2024-03-16,970000,"Elevated corner apartment with district outlook. Timber floors, built-in robes, secure parking, walk to train.",realestate.com.au/sold/property-apartment-nsw-marrickville
MRK_029,12/1 George Street,Marrickville,2204,Apartment,2,1,1,,74.0,7.8,480,2025-05-22,914000,"Renovated apartment with modern kitchen and bathroom. Sunlit balcony, car space, ideal first home or investment.",realestate.com.au/sold/property-apartment-nsw-marrickville
MRK_030,10/26 George Street,Marrickville,2204,Apartment,2,1,1,,72.0,7.8,510,2025-04-09,895000,"Solid brick apartment in tidy boutique block. Fresh paint, updated timber flooring, undercover parking space.",realestate.com.au/sold/property-apartment-nsw-marrickville
MRK_031,204/20-22 George Street,Marrickville,2204,Apartment,1,1,1,,60.0,7.8,500,2025-02-11,887000,"Oversized one-bedroom apartment with separate study alcove. Gas kitchen, entertainer's balcony, secure parking.",realestate.com.au/sold/property-apartment-nsw-marrickville
MRK_032,7/75 Warren Road,Marrickville,2204,Apartment,2,1,1,,68.0,7.9,550,2025-10-15,870000,"Peaceful rear position in well-maintained security block. Open living, private balcony, car space on title.",realestate.com.au/sold/property-apartment-nsw-marrickville
MRK_033,3/12 George Street,Marrickville,2204,Apartment,1,1,1,,56.0,7.8,490,2025-04-16,855000,"Bright top-floor 1-bedroom unit with north-facing balcony. Caesarstone kitchen, secure parking, low strata fees.",realestate.com.au/sold/property-apartment-nsw-marrickville
MRK_034,3/25A George Street,Marrickville,2204,Apartment,1,1,1,,54.0,7.8,510,2025-03-01,840000,"Executive one-bedroom apartment in boutique complex. Modern finishes, internal laundry, basement storage and parking.",realestate.com.au/sold/property-apartment-nsw-marrickville
MRK_035,13/480 Illawarra Road,Marrickville,2204,Apartment,1,1,1,,52.0,8.1,420,2025-09-24,800000,"Top floor apartment moments to Marrickville train station and Cooks River. Light and airy, balcony, car space.",realestate.com.au/sold/property-apartment-nsw-marrickville
MRK_036,2/1 George Street,Marrickville,2204,Apartment,1,1,0,,48.0,7.8,470,2025-03-20,770000,"Neat ground floor 1-bedroom apartment in boutique block of eight. On-street parking, strong rental yield.",realestate.com.au/sold/property-apartment-nsw-marrickville
MRK_037,76 Silver Street,Marrickville,2204,House,3,1,1,340.0,,7.7,520,2025-11-11,2320000,"Freestanding Federation residence with immense character. High ornate ceilings, sunny rear lawn, off-street parking.",realestate.com.au/sold/property-house-nsw-marrickville
MRK_038,18 Moncur Street,Marrickville,2204,House,2,1,0,230.0,115.0,7.4,320,2025-03-01,1850000,"Single-fronted Victorian cottage in quiet street. Polished timber floors, updated gas kitchen, leafy private courtyard.",realestate.com.au/sold/property-house-nsw-marrickville
BLK_001,2 & 4 Ash Street,Blacktown,2148,House,6,3,4,1180.0,,34.0,850,2025-02-04,2400000,Rare double block development site totalling 1180sqm with 30m frontage. R3 Medium Density Residential zoning with DA approval for townhouse development.,realestate.com.au/sold/property-house-nsw-blacktown
BLK_002,2 Oxford Street,Blacktown,2148,House,4,2,2,685.0,210.0,34.5,700,2024-04-08,1310000,"Immaculately presented brick family residence on generous 685sqm parcel. Dual living zones, renovated kitchen, in-ground swimming pool, double garage.",realestate.com.au/sold/property-house-nsw-blacktown
BLK_003,52 Balmoral Street,Blacktown,2148,House,4,1,2,650.0,,34.8,800,2026-09-08,1300000,"Solid single level family home on rectangular 650sqm parcel with granny flat potential (STCA). Split system A/C, lock-up garage and workshop.",realestate.com.au/sold/property-house-nsw-blacktown
BLK_004,42 Burke Street,Blacktown,2148,House,5,3,2,620.0,245.0,33.8,950,2026-09-11,1260000,"Spacious double-storey family residence offering five bedrooms, multiple living areas, covered pergola BBQ patio, double garage with internal access.",realestate.com.au/sold/property-house-nsw-blacktown
BLK_005,9 Ash Street,Blacktown,2148,House,4,2,2,590.0,190.0,34.1,820,2025-07-14,1250000,"Renovated brick family home featuring stone gas kitchen, master ensuite, ducted air conditioning, undercover alfresco entertaining area.",realestate.com.au/sold/property-house-nsw-blacktown
BLK_006,9 Cavendish Avenue,Blacktown,2148,House,3,2,1,560.0,165.0,34.4,750,2025-01-23,1190000,"Single-level family starter with modern updates throughout. Contemporary bathroom, polished timber floors, child-friendly level backyard.",realestate.com.au/sold/property-house-nsw-blacktown
BLK_007,10 Western Crescent,Blacktown,2148,House,3,2,2,580.0,,34.2,680,2025-04-07,1190000,"Well-kept family home walking distance to Blacktown station and Westpoint shopping centre. Spacious lounge, covered pergola, secure lock-up garage.",realestate.com.au/sold/property-house-nsw-blacktown
BLK_008,16 Stella Place,Blacktown,2148,House,4,2,2,530.0,180.0,35.1,1200,2025-01-17,1140000,"Peaceful cul-de-sac position. Four generous bedrooms with built-in robes, master ensuite, modern kitchen, covered alfresco area.",realestate.com.au/sold/property-house-nsw-blacktown
BLK_009,24 Eggleton Street,Blacktown,2148,House,3,1,2,575.0,155.0,34.6,900,2025-01-17,1135000,Brick veneer home with detached double garage/workshop. Clear block with potential for granny flat addition (STCA).,realestate.com.au/sold/property-house-nsw-blacktown
BLK_010,146 & 146a Bungarribee Road,Blacktown,2148,House,5,3,2,680.0,,34.9,1100,2024-12-22,1100000,"House plus Council-approved granny flat offering dual income potential. Combined rental return $1,100 per week. Ideal investment.",realestate.com.au/sold/property-house-nsw-blacktown
BLK_011,59 Mort Street,Blacktown,2148,House,3,1,1,550.0,140.0,34.3,850,2025-02-03,1080000,"Solid single level cottage with renovated kitchen and bathroom. Sun-drenched backyard, air conditioning, close to schools.",realestate.com.au/sold/property-house-nsw-blacktown
BLK_012,37 Western Crescent,Blacktown,2148,House,3,1,2,560.0,145.0,34.2,720,2024-02-02,1050000,"Neat brick residence moments to transport. Polished timber floors, spacious outdoor patio, wide driveway with tandem carport.",realestate.com.au/sold/property-house-nsw-blacktown
BLK_013,42 Kurrajong Crescent,Blacktown,2148,House,3,1,1,540.0,135.0,35.0,1300,2025-02-01,1025000,"Well maintained single level family home. Large covered alfresco area, garden shed, child-safe fully fenced yard.",realestate.com.au/sold/property-house-nsw-blacktown
BLK_014,17 Western Crescent,Blacktown,2148,House,3,1,1,520.0,,34.2,700,2025-07-04,1020000,"Solid home ready to move straight into. Updated bathroom, split system air conditioning, easy walk to train station.",realestate.com.au/sold/property-house-nsw-blacktown
BLK_015,16 Dell Street,Blacktown,2148,House,3,1,1,510.0,130.0,34.5,950,2025-02-01,1015000,"Brick family home in quiet residential pocket. Open plan living, timber flooring, undercover entertainment area.",realestate.com.au/sold/property-house-nsw-blacktown
BLK_016,6 Birdie Circuit,Blacktown,2148,House,3,1,1,480.0,125.0,35.5,1600,2025-01-16,960000,"Single-level starter in quiet circuit. Modern kitchen, neat bathroom, lock-up garage with internal laundry.",realestate.com.au/sold/property-house-nsw-blacktown
BLK_017,1 Ash Street,Blacktown,2148,House,3,1,1,490.0,,34.0,800,2024-11-16,888000,"Original clad home ripe for renovation or rebuild. Wide frontage, level ground, superb scope to capitalise.",realestate.com.au/sold/property-house-nsw-blacktown
BLK_018,11 Ash Street,Blacktown,2148,House,3,1,1,500.0,120.0,34.1,830,2024-04-13,877000,"Cosy family residence featuring 3 bedrooms, formal lounge, functional kitchen and generous child-friendly backyard.",realestate.com.au/sold/property-house-nsw-blacktown
BLK_019,23 Western Crescent,Blacktown,2148,House,3,1,1,470.0,115.0,34.2,710,2024-02-10,867500,"Tidy entry level residence in convenient location. Close to local schools, buses and Westpoint Blacktown.",realestate.com.au/sold/property-house-nsw-blacktown
BLK_020,3/14-16 Flushcombe Road,Blacktown,2148,Townhouse,3,2,1,180.0,135.0,34.4,550,2025-06-12,795000,"Modern two-storey townhouse in boutique complex. Open plan living, gas kitchen with stone tops, private courtyard, remote garage.",realestate.com.au/sold/property-townhouse-nsw-blacktown
BLK_021,5/22 Kildare Road,Blacktown,2148,Townhouse,3,2,1,165.0,128.0,34.6,600,2024-09-18,765000,"Contemporary townhouse footsteps to Westpoint. Ensuite to master, built-in wardrobes, lock-up garage with internal access.",realestate.com.au/sold/property-townhouse-nsw-blacktown
BLK_022,8/45 Bungarribee Road,Blacktown,2148,Townhouse,2,1,1,140.0,105.0,34.8,850,2025-03-22,685000,"Low-maintenance two-bedroom townhouse in quiet complex. Freshly painted, private courtyard, lock-up garage.",realestate.com.au/sold/property-townhouse-nsw-blacktown
BLK_023,14/20-22 Fourth Avenue,Blacktown,2148,Apartment,2,2,1,,88.0,34.3,350,2025-10-14,577000,"Modern apartment in central Blacktown CBD. Footsteps to train station, Caesarstone kitchen, master ensuite, secure basement parking.",realestate.com.au/sold/property-unit-nsw-blacktown
BLK_024,5/19-21 Oxford Street,Blacktown,2148,Apartment,3,2,1,,102.0,34.4,650,2024-03-08,565000,"Rare 3-bedroom apartment offering generous proportions. Master bedroom with ensuite, large balcony, secure basement parking.",realestate.com.au/sold/property-apartment-nsw-blacktown
BLK_025,106/1-5 Oxford Street,Blacktown,2148,Apartment,2,2,1,,86.0,34.4,620,2024-03-20,560000,"Light-filled unit in modern security block with lift. Gas cooking, stainless steel appliances, covered balcony, secure car space.",realestate.com.au/sold/property-unit-nsw-blacktown
BLK_026,408/3 Balmoral Street,Blacktown,2148,Apartment,2,2,1,,85.0,34.6,450,2025-07-14,555000,"Fourth floor security apartment with expansive district views. Open living, stone bench kitchen, secure car space.",realestate.com.au/sold/property-apartment-nsw-blacktown
BLK_027,1304/1 Boys Avenue,Blacktown,2148,Apartment,2,2,1,,,34.3,400,2024-12-09,520000,"High-rise apartment in high-demand complex. Modern finishes, pool and gym facilities in complex, secure parking.",realestate.com.au/sold/property-unit-nsw-blacktown
BLK_028,2/15 Sunnyholt Road,Blacktown,2148,Apartment,2,1,1,,75.0,34.5,500,2025-05-18,495000,"Solid brick unit in quiet block. Well maintained throughout, internal laundry, balcony, undercover car space.",realestate.com.au/sold/property-apartment-nsw-blacktown
BLK_029,12/28-32 Second Avenue,Blacktown,2148,Apartment,2,1,1,,72.0,34.4,420,2024-08-14,475000,"Conveniently located unit moments to TAFE, hospital and station. Fresh paint, good-sized bedrooms, dedicated parking.",realestate.com.au/sold/property-apartment-nsw-blacktown
BLK_030,20/8-14 Oxford Street,Blacktown,2148,Apartment,2,2,1,,80.0,34.4,600,2025-09-16,440000,"Great entry-level apartment or high-yield investment. 2 beds with built-ins, 2 baths, balcony, secure basement car space.",realestate.com.au/sold/property-unit-nsw-blacktown
BLK_031,314/1-5 Oxford Street,Blacktown,2148,Apartment,1,1,1,,54.0,34.4,620,2024-04-24,433000,"One-bedroom apartment with open plan living, modern kitchen, spacious bedroom with built-in robe, secure parking.",realestate.com.au/sold/property-apartment-nsw-blacktown
BLK_032,110/3 Balmoral Street,Blacktown,2148,Apartment,1,1,1,,50.0,34.6,450,2025-07-22,392000,"Ground floor 1-bedroom unit ideal for downsizer or investor. Low maintenance, security building, walk to all amenities.",realestate.com.au/sold/property-apartment-nsw-blacktown
BLK_033,4/18 First Avenue,Blacktown,2148,Apartment,1,1,0,,46.0,34.3,380,2024-10-05,375000,"Compact studio/one-bed unit right in Blacktown CBD. Low strata levies, walking distance to train and shops.",realestate.com.au/sold/property-apartment-nsw-blacktown
BLK_034,28 Newton Road,Blacktown,2148,House,3,1,1,585.0,135.0,34.7,900,2025-08-11,1060000,"Single level brick home on rectangular 585sqm parcel with granny flat potential (STCA). Air conditioned, drive-through garage.",realestate.com.au/sold/property-house-nsw-blacktown
BLK_035,15 Kildare Road,Blacktown,2148,House,4,2,2,615.0,,34.6,650,2025-06-28,1220000,"Prime location close to station. Four bedroom family home with covered alfresco patio, child-friendly garden, double lock-up garage.",realestate.com.au/sold/property-house-nsw-blacktown
